"","vertex","community","degree","in_degree","out_degree","closeness","betweeness","avg_path_length","density"
"Workforce 
 development",1,1,4,0,4,0.00341296928327645,0,4.36713206683452,0.0235640648011782
"Collaboration 
between services",2,2,5,1,4,0.00303030303030303,0.000584584492445317,4.36713206683452,0.0235640648011782
"Internalised 
stigma",3,2,4,1,3,0.00320512820512821,0.0131103235967927,4.36713206683452,0.0235640648011782
"Positive self
presentation of PWUD",4,2,2,1,1,0.00255102040816327,0.0089848224513173,4.36713206683452,0.0235640648011782
"Health vs 
 criminal justice",5,3,11,3,8,0.00395256916996047,0.093757968894889,4.36713206683452,0.0235640648011782
"Criminalisation 
of drugs",6,4,12,1,11,0.00423728813559322,0.0282963099329079,4.36713206683452,0.0235640648011782
"Poor treatment 
of PWUD",7,1,4,2,2,0.0034965034965035,0.0446198453608247,4.36713206683452,0.0235640648011782
"Contact with criminal
justice system",8,4,9,4,5,0.00404858299595142,0.0423442358042873,4.36713206683452,0.0235640648011782
"Stigmatising
language and behaviour",9,1,4,2,2,0.00343642611683849,0.0211912943871707,4.36713206683452,0.0235640648011782
"Value of professional
versus peer evidence",10,3,3,2,1,0.0034965034965035,0.0729737273632248,4.36713206683452,0.0235640648011782
"International 
evidence",11,3,1,0,1,0.00286532951289398,0,4.36713206683452,0.0235640648011782
"Lived experience 
representation in policy",12,3,3,0,3,0.0032258064516129,0,4.36713206683452,0.0235640648011782
"Poverty",13,4,14,3,11,0.0043859649122807,0.033713794796269,4.36713206683452,0.0235640648011782
"Social Security 
Policy",14,4,2,0,2,0.00320512820512821,0,4.36713206683452,0.0235640648011782
"Employment 
opportunities",15,4,3,1,2,0.0036101083032491,0.00139604810996564,4.36713206683452,0.0235640648011782
"Stigmatising
norms around drugs",16,1,18,9,9,0.00454545454545455,0.143197205858288,4.36713206683452,0.0235640648011782
"Community
 relationships",17,5,12,4,8,0.00432900432900433,0.0335051546391753,4.36713206683452,0.0235640648011782
"Knowledge of drugs and risk
among PWUD",18,6,6,3,3,0.00387596899224806,0.0164362931598756,4.36713206683452,0.0235640648011782
"Peer workers as
lower status",19,1,2,1,1,0.00318471337579618,0.0206875920471281,4.36713206683452,0.0235640648011782
"Negative public 
 perceptions",20,1,3,1,2,0.00319488817891374,0.00816151202749141,4.36713206683452,0.0235640648011782
"Knowledge of drugs 
among public",21,7,4,1,3,0.00343642611683849,0.00407666503027328,4.36713206683452,0.0235640648011782
"Drug education
in schools",22,7,2,0,2,0.00318471337579618,0,4.36713206683452,0.0235640648011782
"Positive 
 aspirations",23,4,11,9,2,0.00436681222707424,0.0261190544373534,4.36713206683452,0.0235640648011782
"Family
 relationships",24,5,7,2,5,0.00390625,0.0527593683521519,4.36713206683452,0.0235640648011782
"Peer 
relationships",25,7,6,0,6,0.0036101083032491,0,4.36713206683452,0.0235640648011782
"Self worth",26,2,3,1,2,0.00324675324675325,0.00182560137457045,4.36713206683452,0.0235640648011782
"Quality of life",27,4,3,2,1,0.00347222222222222,0.00185244845360825,4.36713206683452,0.0235640648011782
"Trauma",28,4,6,4,2,0.00392156862745098,0.0221040950744559,4.36713206683452,0.0235640648011782
"Mental health",29,4,17,11,6,0.00458715596330275,0.0939250600010909,4.36713206683452,0.0235640648011782
"Initiation of
 drug use",30,6,8,4,4,0.00380228136882129,0.0707975372279496,4.36713206683452,0.0235640648011782
"Control and regularity
of substance use",31,6,10,4,6,0.00398406374501992,0.113160480758741,4.36713206683452,0.0235640648011782
"Harm reduction
 interventions",32,3,4,2,2,0.00364963503649635,0.00394370806741941,4.36713206683452,0.0235640648011782
"Exploitation",33,4,2,1,1,0.00325732899022801,0.0038659793814433,4.36713206683452,0.0235640648011782
"Feeling safe",34,8,6,5,1,0.0037037037037037,0.0122665582556046,4.36713206683452,0.0235640648011782
"Availability 
of drugs",35,4,7,4,3,0.00364963503649635,0.0128129602356406,4.36713206683452,0.0235640648011782
"Cost of 
drugs",36,4,3,2,1,0.00315457413249211,0,4.36713206683452,0.0235640648011782
"Housing 
Policy",37,8,3,0,3,0.00304878048780488,0,4.36713206683452,0.0235640648011782
"Profit in 
drugs trade",38,4,3,2,1,0.00338983050847458,0.0021539027982327,4.36713206683452,0.0235640648011782
"Social inclusion",39,4,5,3,2,0.00367647058823529,0.022220432416953,4.36713206683452,0.0235640648011782
"Hiding substance use
from others",40,7,3,1,2,0.00294985250737463,0.0138172966781214,4.36713206683452,0.0235640648011782
"Exposure to drugs",41,7,5,2,3,0.0037037037037037,0.0356654495990836,4.36713206683452,0.0235640648011782
"Drug as 
coping mechanism",42,6,4,3,1,0.00340136054421769,0.0362399770904926,4.36713206683452,0.0235640648011782
"Community hubs",43,5,1,0,1,0.00305810397553517,0,4.36713206683452,0.0235640648011782
"Recovery cafes",44,5,1,0,1,0.00305810397553517,0,4.36713206683452,0.0235640648011782
"Warm spaces",45,5,1,0,1,0.00305810397553517,0,4.36713206683452,0.0235640648011782
"Community
 activities",46,5,1,0,1,0.00305810397553517,0,4.36713206683452,0.0235640648011782
"Drug type",47,7,6,2,4,0.00350877192982456,0.0200678506654666,4.36713206683452,0.0235640648011782
"Continued use
 of drugs",48,6,7,4,3,0.00346020761245675,0.0647615468008509,4.36713206683452,0.0235640648011782
"Treatment expectations",49,2,4,2,2,0.00338983050847458,0.00284579037800687,4.36713206683452,0.0235640648011782
"Physical health",50,6,8,2,6,0.00313479623824451,0.0198668384879725,4.36713206683452,0.0235640648011782
"Age",51,6,4,0,4,0.00311526479750779,0,4.36713206683452,0.0235640648011782
"Medication",52,6,3,2,1,0.00341296928327645,0.0157325587737959,4.36713206683452,0.0235640648011782
"Pain",53,6,2,1,1,0.00269541778975741,0,4.36713206683452,0.0235640648011782
"Drug use as 
 self-medication",54,6,3,1,2,0.00321543408360129,0.0230312142038946,4.36713206683452,0.0235640648011782
"Retention 
in services",55,2,6,5,1,0.0034965034965035,0.0594987948644521,4.36713206683452,0.0235640648011782
"ADP funding",56,3,3,1,2,0.00321543408360129,0.00166451890034364,4.36713206683452,0.0235640648011782
"Availability
 of services",57,3,5,3,2,0.00343642611683849,0.00642182130584192,4.36713206683452,0.0235640648011782
"Pressure 
on services",58,1,3,1,2,0.00293255131964809,0.0040807560137457,4.36713206683452,0.0235640648011782
"Attending 
services",59,2,9,8,1,0.00371747211895911,0.0144489274804996,4.36713206683452,0.0235640648011782
"Hoops to get help
Criteria/bureaucracy",60,2,3,2,1,0.0032258064516129,0,4.36713206683452,0.0235640648011782
"Accessibility
 of services",61,2,3,1,2,0.00278551532033426,0.000107388316151203,4.36713206683452,0.0235640648011782
"Quality of treatment planning",62,1,6,3,3,0.0032258064516129,0.00729128313696613,4.36713206683452,0.0235640648011782
"Education on
 harms",63,7,3,1,2,0.00292397660818713,0.00107388316151203,4.36713206683452,0.0235640648011782
"Value placed on
 peer workers",64,1,3,2,1,0.00321543408360129,0.0110226435935199,4.36713206683452,0.0235640648011782
"Representation of 
 lived experience",65,1,3,1,2,0.0033003300330033,0.00604954180985109,4.36713206683452,0.0235640648011782
"Peer worker 
pay differential",66,1,2,1,1,0.00246913580246914,0.015855117820324,4.36713206683452,0.0235640648011782
"Stigmatising reporting
in the media",67,1,2,1,1,0.00317460317460317,0.00332903780068729,4.36713206683452,0.0235640648011782
"Level of local
 health need",68,1,2,1,1,0.003125,0.00354381443298969,4.36713206683452,0.0235640648011782
"Drug tolerance",69,6,4,2,2,0.00306748466257669,0.0310708490154366,4.36713206683452,0.0235640648011782
"Drug toxicity",70,7,3,2,1,0.00301204819277108,0.00165446189930726,4.36713206683452,0.0235640648011782
"Access to 
safe supply",71,7,3,2,1,0.00337837837837838,0.000466372115856652,4.36713206683452,0.0235640648011782
"Dependence 
on drugs",72,6,2,1,1,0.00265957446808511,0.0174930453280969,4.36713206683452,0.0235640648011782
"Drug use for 
recreation",73,6,3,2,1,0.003125,0.0152949087710686,4.36713206683452,0.0235640648011782
"Recovery capital",74,5,5,4,1,0.00344827586206897,0.0235113933889707,4.36713206683452,0.0235640648011782
"Attitude to risk",75,6,6,4,2,0.0033112582781457,0.0102422884961545,4.36713206683452,0.0235640648011782
"Lone versus group
substance use",76,7,4,3,1,0.00342465753424658,0.013381606938308,4.36713206683452,0.0235640648011782
"Risk of harm occurring
while using drugs",77,6,5,4,1,0.00341296928327645,0.00251032973326788,4.36713206683452,0.0235640648011782
"Poly drug use",78,4,5,4,1,0.00384615384615385,0.00785289846179021,4.36713206683452,0.0235640648011782
"Alarm raising",79,7,4,3,1,0.00315457413249211,0.00931977172312224,4.36713206683452,0.0235640648011782
"Public versus private
drug taking",80,7,5,4,1,0.00321543408360129,0.00409967681230568,4.36713206683452,0.0235640648011782
"Life-saving activity",81,7,3,2,1,0.00301204819277108,0.000836094747177221,4.36713206683452,0.0235640648011782
"Drug poisoning",82,6,3,2,1,0.00279329608938547,0.00137917280314188,4.36713206683452,0.0235640648011782
"Heart & 
lung health",83,6,4,3,1,0.00347222222222222,0.00336687939780723,4.36713206683452,0.0235640648011782
"Sedatives",84,6,3,2,1,0.0034965034965035,0.000340063001145475,4.36713206683452,0.0235640648011782
"Practical support",85,5,3,2,1,0.00326797385620915,0,4.36713206683452,0.0235640648011782
"Quality of patient/service
relationship",86,1,4,3,1,0.00373134328358209,0.000311980104183712,4.36713206683452,0.0235640648011782
"Homelessness",87,8,6,3,3,0.00363636363636364,0.0100157502863688,4.36713206683452,0.0235640648011782
"Frailty",88,6,3,2,1,0.00272479564032698,5.36941580756014e-05,4.36713206683452,0.0235640648011782
"Ease of transitions
between services",89,2,2,1,1,0.00265957446808511,0.0019299640675285,4.36713206683452,0.0235640648011782
"Gender",90,6,1,0,1,0.00251256281407035,0,4.36713206683452,0.0235640648011782
"Near fatal
 overdose",91,6,2,1,1,0.00280898876404494,0.000659671084928817,4.36713206683452,0.0235640648011782
"Organised crime
 groups",92,4,2,1,1,0.00314465408805031,0.00354381443298969,4.36713206683452,0.0235640648011782
"Quality of 
housing",93,8,3,1,2,0.00280898876404494,0.000322164948453608,4.36713206683452,0.0235640648011782
"Risk of crime
victimisation",94,8,3,2,1,0.00301204819277108,0,4.36713206683452,0.0235640648011782
"Missed appointments",95,2,5,4,1,0.00332225913621262,0.00854559571537664,4.36713206683452,0.0235640648011782
"Service Quality",96,1,6,5,1,0.00374531835205993,0.0183264553673703,4.36713206683452,0.0235640648011782
"Amount of Public discourse
on drug issues",97,1,1,1,0,0.00316455696202532,0,4.36713206683452,0.0235640648011782
"Drug related death",98,6,7,7,0,0.00314465408805031,0,4.36713206683452,0.0235640648011782
